"Position","age","num_pieces","name","price","alternative_text","link"
1,"10+",267,"Harry Potter™ en Cho Chang","€19,99","primary","https://www.lego.com/nl-nl/product/harry-potter--cho-chang-40616"
2,"10+",601,"Leraren van Zweinstein™","€39,99","primary","https://www.lego.com/nl-nl/product/professors-of-hogwarts-40560"
3,"10+",155,"EVE & WALL•E","€14,99","primary","https://www.lego.com/nl-nl/product/eve--walle-40619"
4,"10+",262,"Draco Malfidus™ en Carlo Kannewasser","€19,99","primary","https://www.lego.com/nl-nl/product/draco-malfoy--cedric-diggory-40617"
5,"10+",466,"Harry, Hermelien, Ron & Hagrid™","€24,99","primary","https://www.lego.com/nl-nl/product/harry-hermione-ron--hagrid-40495"
6,"10+",501,"Disney's 100e verjaardag","€39,99","primary","https://www.lego.com/nl-nl/product/disney-100th-celebration-40622"
7,"10+",250,"Romeo Wolkenveldt™ en Nymphadora Tops™","€19,99","primary","https://www.lego.com/nl-nl/product/kingsley-shacklebolt--nymphadora-tonks-40618"
8,"10+",549,"Slag om Endor™ helden","€39,99","primary","https://www.lego.com/nl-nl/product/battle-of-endor-heroes-40623"
9,"10+",410,"Vaiana & Merida","€19,99","primary","https://www.lego.com/nl-nl/product/moana--merida-40621"
10,"10+",131,"Miles 'Tails' Prower","€9,99","primary","https://www.lego.com/nl-nl/product/miles-tails-prower-40628"
11,"10+",348,"Gandalf de Grijze™ & Balrog™","€19,99","primary","https://www.lego.com/nl-nl/product/gandalf-the-grey--balrog-40631"
12,"10+",184,"Frodo™ & Gollem™","€14,99","primary","https://www.lego.com/nl-nl/product/frodo--gollum-40630"
13,"10+",139,"Sonic the Hedgehog™","€9,99","primary","https://www.lego.com/nl-nl/product/sonic-the-hedgehog-40627"
14,"10+",226,"Knabbel & Babbel","€19,99","primary","https://www.lego.com/nl-nl/product/tbd-disney-1-40550"
15,"10+",90,"Donald Duck","€9,99","primary","https://www.lego.com/nl-nl/product/donald-duck-40377"
16,"10+",100,"Lama","€9,99","primary","https://www.lego.com/nl-nl/product/llama-40625"
17,"10+",260,"Obi-Wan Kenobi™ & Darth Vader™","€19,99","primary","https://www.lego.com/nl-nl/product/tbd-sw2-40547"
18,"10+",239,"Leeuwendanser","€9,99","primary","https://www.lego.com/nl-nl/product/lion-dance-guy-40540"
19,"10+",261,"Aragorn™ & Arwen™","€19,99","primary","https://www.lego.com/nl-nl/product/aragorn--arwen-40632"
20,"10+",296,"Woody & Bo Peep","€19,99","primary","https://www.lego.com/nl-nl/product/confts2-40553"
21,"10+",214,"Goofy en Pluto","€14,99","primary","https://www.lego.com/nl-nl/product/goofy--pluto-40378"
22,"10+",320,"Cruella & Maleficent","€19,99","primary","https://www.lego.com/nl-nl/product/cruella--maleficent-40620"
23,"10+",110,"Katrien Duck","€9,99","primary","https://www.lego.com/nl-nl/product/daisy-duck-40476"
24,"10+",246,"Jake Sully en zijn avatar","€19,99","primary","https://www.lego.com/nl-nl/product/tbd-coconut-40554"
25,"10+",340,"Dagobert Duck, Kwik, Kwek en Kwak","€24,99","primary","https://www.lego.com/nl-nl/product/scrooge-mcduck-huey-dewey--louie-40477"
26,"10+",81,"Zombie","€9,99","primary","https://www.lego.com/nl-nl/product/brickheadz-12-gaming-minecraft-3-40626"
27,"10+",86,"Alex","€9,99","primary","https://www.lego.com/nl-nl/product/alex-40624"
28,"10+",295,"De Mandalorian™ en het Kind","€19,99","primary","https://www.lego.com/nl-nl/product/the-mandalorian-the-child-75317"
29,"10+",164,"Ahsoka Tano™","€9,99","primary","https://www.lego.com/nl-nl/product/ahsoka-tano-40539"
30,"10+",152,"Tusken Raider™","€9,99","primary","https://www.lego.com/nl-nl/product/tusken-raider-40615"
31,"10+",530,"Maak mij van stenen – FC Barcelona","€19,99","primary","https://www.lego.com/nl-nl/product/conf-sport-2-40542"
32,"10+",530,"Maak mij van stenen – Manchester United","€19,99","primary","https://www.lego.com/nl-nl/product/conf-sport-1-40541"
33,"10+",189,"Groot & Rocket",,"primary","https://www.lego.com/nl-nl/product/groot-rocket-41626"
34,"10+",309,"Belle Bottom, Kevin en Bob","€19,99","primary","https://www.lego.com/nl-nl/product/tbd-conf-bh-ip-2-and-buddies-2-40421"
35,"10+",161,"Boba Fett™",,"primary","https://www.lego.com/nl-nl/product/boba-fett-41629"
36,"10+",205,"Road Runner & Wile E. Coyote",,"primary","https://www.lego.com/nl-nl/product/looney-tunes-40559"
37,"10+",708,"Maak mij van stenen",,"primary","https://www.lego.com/nl-nl/product/go-brick-me-41597"
38,"10+",109,"Mickey Mouse",,"primary","https://www.lego.com/nl-nl/product/mickey-mouse-41624"
39,"10+",114,"Buzz Lightyear",,"primary","https://www.lego.com/nl-nl/product/confts1-40552"
40,"10+",150,"Valentijnsbeer",,"primary","https://www.lego.com/nl-nl/product/valentine-s-bear-40379"
41,"10+",193,"Jack Skellington & Sally",,"primary","https://www.lego.com/nl-nl/product/jack-skellington-sally-41630"
42,"10+",130,"Elsa",,"primary","https://www.lego.com/nl-nl/product/elsa-41617"
43,"8+",252,"Dalmatiër",,"primary","https://www.lego.com/nl-nl/product/dalmatian-40479"
44,"8+",237,"Franse buldog",,"primary","https://www.lego.com/nl-nl/product/pets---french-bulldog-40544"
45,"10+",116,"Beast",,"primary","https://www.lego.com/nl-nl/product/beast-41596"
46,"10+",215,"Luke Skywalker™ & Yoda™",,"primary","https://www.lego.com/nl-nl/product/luke-skywalker-yoda-41627"
47,"10+",240,"Kylo Ren™ en Sith Trooper™",,"primary","https://www.lego.com/nl-nl/product/kylo-ren-sith-trooper-75232"
48,"10+",151,"Halloween-heks",,"primary","https://www.lego.com/nl-nl/product/halloween-witch-40272"
49,"10+",215,"Homer Simpson & Krusty de Clown",,"primary","https://www.lego.com/nl-nl/product/homer-simpson-krusty-the-clown-41632"
50,"10+",209,"Tactical Batman™ & Superman™",,"primary","https://www.lego.com/nl-nl/product/tactical-batman-superman-41610"
51,"10+",306,"Bruid","€12,99","primary","https://www.lego.com/nl-nl/product/wedding-bride-40383"
52,"10+",122,"The Flash™",,"primary","https://www.lego.com/nl-nl/product/the-flash-41598"
53,"10+",147,"Valentijnspuppy",,"primary","https://www.lego.com/nl-nl/product/valentine-s-puppy-40349"
54,"10+",108,"Frankenstein",,"primary","https://www.lego.com/nl-nl/product/frankenstein-40422"
55,"10+",249,"Panda's voor Chinees nieuwjaar",,"primary","https://www.lego.com/nl-nl/product/chinese-new-year-pandas-40466"
56,"8+",247,"Duitse herder",,"primary","https://www.lego.com/nl-nl/product/german-shepherd-40440"
57,"10+",113,"Star-Lord",,"primary","https://www.lego.com/nl-nl/product/star-lord-41606"
58,"16+",578,"Eerbetoon aan de Spice Girls",,"primary","https://www.lego.com/nl-nl/product/spice-girls-tribute-40548"
59,"8+",261,"Parkiet",,"primary","https://www.lego.com/nl-nl/product/budgie-40443"
60,"10+",139,"Belle",,"primary","https://www.lego.com/nl-nl/product/belle-41595"
61,"10+",135,"Aquaman™",,"primary","https://www.lego.com/nl-nl/product/aquaman-41600"
62,"10+",108,"Cyborg™",,"primary","https://www.lego.com/nl-nl/product/cyborg-41601"
63,"8+",203,"Koi",,"primary","https://www.lego.com/nl-nl/product/koi-fish-40545"
64,"10+",143,"Wonder Woman™",,"primary","https://www.lego.com/nl-nl/product/wonder-woman-41599"
65,"10+",160,"Steve & Creeper™",,"primary","https://www.lego.com/nl-nl/product/steve-creeper-41612"
66,"10+",180,"Notenkraker",,"primary","https://www.lego.com/nl-nl/product/nutcracker-40425"
67,"10+",177,"Thanksgiving vogelverschrikker",,"primary","https://www.lego.com/nl-nl/product/thanksgiving-scarecrow-40352"
68,"10+",175,"Monkey King",,"primary","https://www.lego.com/nl-nl/product/monkey-king-40381"
69,"10+",247,"Newt Scamander™ & Gellert Grindelwald",,"primary","https://www.lego.com/nl-nl/product/newt-scamander-gellert-grindelwald-41631"
70,"8+",250,"Kortharige katten",,"primary","https://www.lego.com/nl-nl/product/shorthair-cats-40441"
71,"10+",105,"Thanos",,"primary","https://www.lego.com/nl-nl/product/thanos-41605"
72,"10+",240,"Marty McFly en Doc Brown",,"primary","https://www.lego.com/nl-nl/product/marty-mcfly-doc-brown-41611"
73,"10+",255,"Bruidegom",,"primary","https://www.lego.com/nl-nl/product/wedding-groom-40384"
74,"10+",192,"Paasschaap",,"primary","https://www.lego.com/nl-nl/product/easter-sheep-40380"
75,"10+",281,"Rendier, Elf en Elfie",,"primary","https://www.lego.com/nl-nl/product/reindeer-elf-and-elfie-40353"
76,"10+",149,"Chewbacca™",,"primary","https://www.lego.com/nl-nl/product/chewbacca-41609"
77,"10+",130,"Kylo Ren™",,"primary","https://www.lego.com/nl-nl/product/kylo-ren-41603"
78,"10+",228,"Peter Venkman™ & Slimer™",,"primary","https://www.lego.com/nl-nl/product/peter-venkman-slimer-41622"
79,"10+",89,"Meester Wu",,"primary","https://www.lego.com/nl-nl/product/master-wu-41488"
80,"10+",134,"Gelukskatje",,"primary","https://www.lego.com/nl-nl/product/lucky-cat-40436"
81,"10+",170,"Drakendanser",,"primary","https://www.lego.com/nl-nl/product/dragon-dance-guy-40354"
82,"10+",150,"Verjaardagsclown",,"primary","https://www.lego.com/nl-nl/product/birthday-clown-40348"
83,"10+",153,"Lady Liberty",,"primary","https://www.lego.com/nl-nl/product/lady-liberty-40367"
84,"10+",119,"Rey",,"primary","https://www.lego.com/nl-nl/product/rey-41602"
85,"10+",140,"Valentijnsbij",,"primary","https://www.lego.com/nl-nl/product/brickheadz-bumble-bee-40270"
86,"10+",104,"Darth Vader™",,"primary","https://www.lego.com/nl-nl/product/darth-vader-41619"
87,"10+",141,"Han Solo™",,"primary","https://www.lego.com/nl-nl/product/han-solo-41608"
88,"8+",236,"Sint-bernard",,"primary","https://www.lego.com/nl-nl/product/pets---st-bernard-40543"
89,"10+",99,"Batgirl™",,"primary","https://www.lego.com/nl-nl/product/batgirl-41586"
90,"10+",127,"Captain Phasma™",,"primary","https://www.lego.com/nl-nl/product/captain-phasma-41486"
91,"10+",406,"NINJAGO® 10",,"primary","https://www.lego.com/nl-nl/product/ninjago-10-40490"
92,"10+",344,"Voldemort™, Nagini & Bellatrix",,"primary","https://www.lego.com/nl-nl/product/voldemort-nagini--bellatrix-40496"
93,"10+",109,"Captain Jack Sparrow",,"primary","https://www.lego.com/nl-nl/product/captain-jack-sparrow-41593"
94,"8+",269,"Rode gestreepte kat",,"primary","https://www.lego.com/nl-nl/product/ginger-tabby-40480"
95,"10+",124,"Stormtrooper™",,"primary","https://www.lego.com/nl-nl/product/stormtrooper-41620"
96,"10+",244,"Gru, Stuart en Otto",,"primary","https://www.lego.com/nl-nl/product/tbd-conf-bh-ip-2-and-buddies-1-40420"
97,"8+",243,"Hamster",,"primary","https://www.lego.com/nl-nl/product/hamster-40482"
98,"10+",79,"Captain America",,"primary","https://www.lego.com/nl-nl/product/captain-america-41589"
99,"10+",160,"Mr. Incredible en Frozone",,"primary","https://www.lego.com/nl-nl/product/mr-incredible-frozone-41613"
100,"10+",96,"Iron Man",,"primary","https://www.lego.com/nl-nl/product/iron-man-41590"
101,"10+",180,"Harry Potter™ en Hedwig™",,"primary","https://www.lego.com/nl-nl/product/harry-potter-hedwig-41615"
102,"10+",136,"Halloweenspook",,"primary","https://www.lego.com/nl-nl/product/halloween-ghost-40351"
103,"10+",201,"Anna en Olaf",,"primary","https://www.lego.com/nl-nl/product/anna-olaf-41618"
104,"8+",186,"Goudvis",,"primary","https://www.lego.com/nl-nl/product/goldfish-40442"
105,"10+",129,"Minnie Mouse",,"primary","https://www.lego.com/nl-nl/product/minnie-mouse-41625"
106,"16+",192,"Demogorgon & Elf",,"primary","https://www.lego.com/nl-nl/product/stranger-things-40549"
107,"10+",141,"La Catrina",,"primary","https://www.lego.com/nl-nl/product/la-catrina-40492"
108,"10+",151,"The Joker™",,"primary","https://www.lego.com/nl-nl/product/the-joker-41588"
109,"10+",245,"Ron Wemel™ & Albus Perkamentus™",,"primary","https://www.lego.com/nl-nl/product/ron-weasley-albus-dumbledore-41621"
110,"10+",124,"Prinses Leia Organa™",,"primary","https://www.lego.com/nl-nl/product/princess-leia-organa-41628"
111,"10+",361,"Ariël & Ursula",,"primary","https://www.lego.com/nl-nl/product/ariel-ursula-41623"
112,"10+",234,"Owen en Blue",,"primary","https://www.lego.com/nl-nl/product/owen-blue-41614"
113,"10+",127,"Hermelien Griffel™",,"primary","https://www.lego.com/nl-nl/product/hermione-granger-41616"
114,"10+",91,"Batman™",,"primary","https://www.lego.com/nl-nl/product/batman-41585"
115,"10+",136,"Gamora",,"primary","https://www.lego.com/nl-nl/product/gamora-41607"
116,"10+",143,"Black Widow",,"primary","https://www.lego.com/nl-nl/product/black-widow-41591"
117,"10+",91,"Finn",,"primary","https://www.lego.com/nl-nl/product/finn-41485"
118,"10+",101,"Robin™",,"primary","https://www.lego.com/nl-nl/product/robin-41587"
119,"10+",93,"The Hulk",,"primary","https://www.lego.com/nl-nl/product/the-hulk-41592"
120,"10+",102,"Lloyd",,"primary","https://www.lego.com/nl-nl/product/lloyd-41487"
121,"10+",101,"Iron Man MK50",,"primary","https://www.lego.com/nl-nl/product/iron-man-mk50-41604"
122,"8+",304,"Poedel",,"primary","https://www.lego.com/nl-nl/product/poodle-40546"
123,"10+",118,"Captain Armando Salazar",,"primary","https://www.lego.com/nl-nl/product/captain-armando-salazar-41594"
124,"8+",219,"Valkparkiet",,"primary","https://www.lego.com/nl-nl/product/cockatiel-40481"
